ephys_roi_id,membrane_time_constant_ms
1388908077,10.1714202494931
1388916109,21.057478036330306
1390679794,40.9854623828253
1394143501,38.0878760027252
1394161703,55.671983790867
1402045715,8.7506108564052
1402046885,29.949719520473
1402049348,39.066860050078105
1402082775,51.0726024849814
1403961154,6.477160297662899
1426755833,39.9958565662134
1426757704,33.091957865361
1426765364,
1426902193,16.7465988485258
1426902265,36.043647080900094
1380275537,50.0702699533143
1380276138,50.3349984425341
1380283018,
1380286647,37.7050759797496
1380296153,54.3919397012429
1380304339,55.9234727902143
1388216355,32.788928198902404
1388224840,33.415345743632194
1388239233,54.85281975863069
1388478490,62.98542272822
1388484157,38.8204033669066
1408382056,
1408383903,51.8619645444781
1408386647,41.887183563487895
1408387866,67.28735394370341
1408391640,
1408392699,43.1221742900097
1408393162,68.716125845186
1424080835,55.5444001326284
1424309426,74.3710659251081
1425620581,62.9974404321279
1425639343,68.3043501634031
1425640014,
1425913975,
1426062899,46.3806445359882
1426063922,65.8906729834639
1426070420,22.2474060494308
1392357828,6.2836194461334
1392370078,19.267200977781
1394073441,31.2736605596477
1394115769,31.4539572238753
1403049874,6.1193473354993
1403055667,32.2828892323719
1403199378,28.891797823815494
1403204984,22.155942592887502
1403209290,38.5836811515113
1403214632,10.4748962390523
1403222752,40.4080555275923
1408891040,63.352252169891294
1408891476,61.19174042889109
1408896351,24.2939097687392
1408897096,36.7895780340884
1408898832,17.426958544628597
1408898882,41.0694035188338
1408903873,
1408904257,51.4301178412344
1408906258,
1409787035,23.9088934474213
1409787965,42.052352920058695
1409801288,31.139368570922603
1410115593,
1410117614,64.46070780879951
1410123885,57.0981702985047
1410640157,35.9856436615405
1410640556,20.5654508770161
1410640994,56.37647128192821
1410641516,
1410644456,21.6518321745663
1410648389,10.9318178794786
1410668927,8.7838073204015
1410789816,19.944875434883095
1410790193,51.25845791334
1410793905,14.1377980067665
1410934497,33.539647670801
1410934898,9.3194449125219
1410945226,25.8483160357151
1410946049,59.7092563776909
1410948417,35.0386532002093
1410948835,43.0108474546671
1417373093,33.5084849572196
1417375160,23.114483281477305
1417380803,64.77808086417001
1417382638,
1437729392,58.1992249864354
1437740384,28.9337439435694
1437759628,
1437774322,54.5806462169101
1437846271,
1438286810,
1438314598,33.219891751229305
1438337359,57.1704829494243
